id,name,age,gender
0DGkzqU5i,"Janice Burton",21,female
0jnN4KZiP3,"Gloria King",19,female
0vqhPISRLD,"Christine Mitchell",76,female
0wk62hMo,"Mildred Payne",37,female
11Mc7db3jo,"James Hamilton",67,male
1aJDoV,"Christine Henry",74,female
1Mqmy1,"Sean Jackson",21,male
1QTPJ9lU1,"Albert Gonzales",62,male
1uPnuexzvvHU,"John Duncan",49,male
2fs7DRa,"Anna Oliver",62,female
2Jb6HxNuWx,"Matthew Ellis",36,male
2JJ2bavwGC,"Julia Harper",47,female
3hl2mDCsG,"Donna Taylor",30,female
3m1KuPe,"Nancy Reed",38,female
3vUv3u4,"Harry Morales",28,male
3WzZn6,"Jennifer Murray",76,female
3zj9y5bO50R,"Sharon Collins",31,female
47j6kc4KC,"Donald Thompson",41,male
4m1XI3k,"Eric Howard",37,male
4Q9TrS8,"Laura Tucker",32,female
59kgHv,"Katherine Cooper",32,female
5i6JFR4A9,"Carol Anderson",45,female
5Pnd6FT,"James Adams",49,male
5POikL22,"Annie Hawkins",33,female
5THzXOVVDNo0,"Donna Garza",44,female
6CJxJr2IpN,"Evelyn Mason",44,female
6Vs1n7hJ2JoV,"Walter Duncan",62,male
6wB1WFcVIE,"Steve Kelly",80,male
6XloMrbCiH5,"Samuel Peterson",73,male
7bAxuzbWze,"Russell Miller",30,male
86FipBlij,"Willie Alvarez",23,male
8frlA2LI,"Steve Butler",40,male
8hLkonN,"Henry Johnston",34,male
8WVUdubL0,"Jane Hamilton",26,female
8wx2Rf4D,"Catherine Powell",76,female
8x4RRry2CL8q,"Phyllis Hunt",32,female
9pj2X9iVEw7,"Kathleen Gutierrez",72,female
9pYJjpI49IZB,"Ralph Allen",27,male
a7uaBLZO4fVW,"Christine Gilbert",59,female
amjhA05eupdf,"Susan Torres",33,female
aPDkqfgC3,"Paula Jenkins",72,female
aqp3tT0Ua,"Paula Gonzales",71,female
aRGx9FoZKO,"Thomas Meyer",39,male
auLHYGoxa,"Jacqueline Johnston",66,female
b0YSqH,"Diane Hanson",27,female
BiKux7RhM,"George Medina",20,male
bPb4wfJpIye,"Phillip Kim",59,male
BPUqLQMy,"Rose Henderson",24,female
BS50jHyCkP59,"Bobby Perkins",75,male
bYxt3NWLUXTU,"Linda Stevens",42,female
c0thG3gs0,"Christine Perry",25,female
c9xLxo4,"Chris Alvarez",59,male
cCdehmFcP,"Jeremy Evans",73,male
cCDFUM6y,"Charles Sullivan",78,male
CPZMN3GC3HJ,"Ruth Rice",52,female
crXJ8iBp,"Justin Wallace",22,male
CZbhrI,"Gary Green",65,male
D1rVzoDBccjo,"Kathleen Andrews",77,female
d3CpXadA,"Alan Johnson",72,male
d920QQ,"Gloria Gomez",70,female
dC2ZAzTTNBEy,"Christina Reyes",41,female
DH2BUxc3OsKS,"Brian Morris",67,male
dIOqx5Ts7b,"Benjamin Hicks",45,male
DpwVfvjQaGO,"Ashley Howell",67,female
e4zilT,"Jimmy Burton",68,male
e5iYIH,"John Watkins",54,male
E67BKt4TN,"Aaron Ryan",25,male
eCXp4fJ8,"Doris Morrison",58,female
eDjQkrHXv,"Brenda Diaz",66,female
EdPHN5jptaJ,"Ryan Anderson",76,male
Ej2CUC6NEd,"Juan Phillips",20,male
eMmZn7M8v,"Peter Duncan",44,male
FBKuuCzFlOj5,"Craig Parker",18,male
fMdAC6JaJC,"Bruce Cunningham",57,male
FqcpXPbhWB,"Linda Barnes",32,female
FQVtPBOg,"Wayne Daniels",43,male
ftpDvFsuwi,"John Allen",74,male
fuVPZ8,"Benjamin Evans",41,male
FxiNhD,"Harold Cunningham",72,male
GBHO7eXEvNs,"Philip Davis",36,male
geo93d1,"Andrea Gray",71,female
GLhRBQ9Ucc3,"Dennis Carpenter",20,male
GM9ExoopMc,"Jeffrey Young",18,male
gOAc4zt9otZH,"Kathy Kelley",38,female
gsJ4Cf1Apger,"Jerry Ramos",53,male
gtVxjy7,"Kathy Fowler",51,female
GUwPli,"Sean Richardson",78,male
He9c4zf,"Margaret Simpson",31,female
hN9z3THSQW1,"Sean Welch",50,male
HNrdzQ,"Frances Gordon",78,female
Hnvzod,"Andrew Barnes",26,male
hPtg6I,"Brenda Gilbert",49,female
Hpxdkuizn,"Larry Nichols",29,male
hqWjrLEv,"Jimmy Hanson",56,male
HuXtJ894nocU,"Ronald Sanders",62,male
HXq7im6dU0oK,"Betty Martinez",57,female
HYsZ9lHcnwU,"Steve Thompson",36,male
i7uAdOv,"David Williams",23,male
ilgvVpCJOxL,"Tina Burns",69,female
IM5LEaL26a,"Ann Fisher",58,female
Isr7dO,"Wanda Peterson",67,female
iU5vAWnIC,"Christine Richardson",75,female
ivAwt7,"Nicole Wallace",30,female
JAg491uZU,"Jose Arnold",65,male
jhGC3O,"Bruce Murray",32,male
JKfuot5,"James Evans",24,male
JMu5zk,"Shirley Hart",52,female
JQjVA031TY,"Marie Franklin",39,female
juD2vYXomv,"Ralph Bell",60,male
JuWjKx0Y,"Sean Nelson",73,male
KtJzML5hQFj,"Ronald Ross",56,male
kv222fe,"Dennis Pierce",46,male
KVQrBqkHGXeK,"Ann Holmes",71,female
KWlBceaq,"Roy Garcia",26,male
l2Jb43X8,"Chris Hudson",58,male
lC1YjMbJn,"Heather Payne",62,female
LjoNTyKDL48,"Gloria Stanley",22,female
lLgwSxDxQkx,"Terry Burke",38,male
lmxohVJlNT,"Earl Martin",65,male
LnDLbVR9XTZ3,"Walter Davis",73,male
M88TCr3V,"Stephen Larson",65,male
MDmyPPMRB,"Ernest Davis",49,male
mhbRLuV1u,"Joan Frazier",51,female
MMQBi0lzU,"Anne Berry",62,female
mMZb86Rr3M,"Sean Berry",73,male
MqCFo63iU,"Timothy Watson",61,male
Mvp21b6NsHw,"Edward Hanson",54,male
n28Evx,"Patrick Gutierrez",27,male
na7gfNUiL0,"Patrick George",36,male
ngRfZgtLQyCk,"Martin Hunter",40,male
NJ7EikImV,"Juan Dunn",58,male
nMwUlAa,"Stephen Garcia",71,male
nrF3XiGB1t,"Gloria Gardner",53,female
NtyF2LjOo,"David Smith",71,male
OBAfARs,"Linda Rogers",25,female
oKSovV2I,"Lawrence Butler",18,male
OrT1T9Cg,"Catherine Moreno",53,female
OupGg1LFBZKq,"Roger Sullivan",62,male
p76jvR,"Betty Richardson",33,female
pj0VTFgKEc,"Lawrence Bailey",45,male
PjeJ7I,"Anna Rose",79,female
PlzS27nhUJs,"Anthony Clark",21,male
PSjhe4b,"Earl Cooper",21,male
Pvzq7W,"Kenneth Howell",50,male
QCOGWI,"Jeffrey Garrett",70,male
QH6Pw6rMW385,"Stephanie Ellis",62,female
qLNNmH6fqJNs,"Mark Henry",26,male
qst9VWiEz,"Stephen Little",74,male
qufOjZ9KH3,"Kenneth Powell",70,male
qwbjMlsP8q,"Kimberly Ray",72,female
QxMn8OUaDVdd,"Bonnie Hernandez",54,female
QyTGPBHv,"Elizabeth Gibson",75,female
R9Fs0JnTyuv,"Bobby Burns",39,male
reqElMWe0,"Victor Brooks",61,male
RjaM71Rz,"Frances Hernandez",48,female
SbCXpab1AK,"Arthur Gonzalez",20,male
sbLkrre,"Jerry Clark",46,male
sCcOzv3IT2,"Christina Alvarez",19,female
SFvS82fN,"Stephanie Cole",76,female
sldg34DUlNn,"Shawn Richards",30,male
sLGPx1z,"Howard Price",60,male
SLtOeyCCYrq,"Tina Lawson",77,female
T69Mav,"Victor Shaw",32,male
tafdiBPlQwkt,"Deborah Hayes",56,female
tALj1PHVA,"Jack Thompson",36,male
Tdssk7jh,"Robin Price",77,female
TdWNJVxuAl,"Doris Burns",18,female
tIfnzLSBkmZ,"Ernest Jacobs",54,male
TimyKUKm0U8,"Diana Evans",55,female
tj6Z9DPKmzo,"Mildred Richardson",50,female
TmyKRuEk,"Gregory Jordan",46,male
TWpKmXX,"Stephen White",42,male
uDyRaB,"Larry Cruz",19,male
ugekClRAs0X,"Philip Ortiz",70,male
UGL0TPoWR,"Jacqueline Stewart",69,female
uh0uR3vqaf,"Paula Stewart",66,female
uLrJPDs,"Andrea Richardson",61,female
Uxemcrcw2ih,"Terry Martinez",46,male
vCafKGUJGO,"Donald Mccoy",71,male
Vg3T7fJ,"Helen Pierce",24,female
Vh1UDn,"Joseph Gilbert",35,male
vIhATmlPzqm,"Harold Fox",22,male
Vvf3wn,"Carl Greene",33,male
VXLuXx,"Douglas Schmidt",53,male
VZ0SN4JUR,"Anthony Woods",24,male
W0hRGy,"Doris Reynolds",48,female
W9ZY97tm2b,"Jason Meyer",78,male
WaHdaB2,"Ruby Roberts",52,female
wdznMFOU0,"Emily Allen",41,female
Wn9hFW,"Peter Berry",50,male
XBz1qa,"Alan Larson",21,male
XgZDDxS,"Diana Grant",51,female
Xk7kBYUqYKX,"Susan Edwards",53,female
XlpTAvogtSmo,"Rose Green",20,female
XRW2zX,"Joyce Collins",46,female
Xv4EQb,"Betty Lopez",56,female
y4csxXm,"Julia Alexander",48,female
zj2ghyKzZlDS,"Jason Gomez",58,male
ZWnoerIK3R,"Frank Dean",72,male
zXnddiTaKFA,"Gloria Ward",57,female
